seq_no.,module,motif_1,motif_2,motif_3,motif_4,motif_5,motif_6,motif_string,motif_list
0,1,1,1,0,0,0,0,"motif_1,motif_2","['motif_1', 'motif_2']"
1,1,1,1,0,0,0,0,"motif_1,motif_2","['motif_1', 'motif_2']"
2,1,1,1,0,0,0,0,"motif_1,motif_2","['motif_1', 'motif_2']"
3,1,1,1,0,0,0,0,"motif_1,motif_2","['motif_1', 'motif_2']"
4,1,1,1,0,0,0,0,"motif_1,motif_2","['motif_1', 'motif_2']"
5,1,1,1,0,0,0,0,"motif_1,motif_2","['motif_1', 'motif_2']"
6,1,1,1,0,0,0,0,"motif_1,motif_2","['motif_1', 'motif_2']"
7,1,1,1,0,0,0,0,"motif_1,motif_2","['motif_1', 'motif_2']"
8,1,1,1,0,0,0,0,"motif_1,motif_2","['motif_1', 'motif_2']"
9,1,1,1,0,0,0,0,"motif_1,motif_2","['motif_1', 'motif_2']"
10,1,1,1,0,0,0,0,"motif_1,motif_2","['motif_1', 'motif_2']"
11,1,1,1,0,0,0,0,"motif_1,motif_2","['motif_1', 'motif_2']"
12,1,1,1,0,0,0,0,"motif_1,motif_2","['motif_1', 'motif_2']"
13,1,1,1,0,0,0,0,"motif_1,motif_2","['motif_1', 'motif_2']"
14,1,1,1,0,0,0,0,"motif_1,motif_2","['motif_1', 'motif_2']"
15,1,1,1,0,0,0,0,"motif_1,motif_2","['motif_1', 'motif_2']"
16,1,1,1,0,0,0,0,"motif_1,motif_2","['motif_1', 'motif_2']"
17,1,1,1,0,0,0,0,"motif_1,motif_2","['motif_1', 'motif_2']"
18,1,1,1,0,0,0,0,"motif_1,motif_2","['motif_1', 'motif_2']"
19,1,1,1,0,0,0,0,"motif_1,motif_2","['motif_1', 'motif_2']"
20,1,1,1,0,0,0,0,"motif_1,motif_2","['motif_1', 'motif_2']"
21,1,1,1,0,0,0,0,"motif_1,motif_2","['motif_1', 'motif_2']"
22,1,1,1,0,0,0,0,"motif_1,motif_2","['motif_1', 'motif_2']"
23,1,1,1,0,0,0,0,"motif_1,motif_2","['motif_1', 'motif_2']"
24,1,1,1,0,0,0,0,"motif_1,motif_2","['motif_1', 'motif_2']"
25,1,1,1,0,0,0,0,"motif_1,motif_2","['motif_1', 'motif_2']"
26,1,1,1,0,0,0,0,"motif_1,motif_2","['motif_1', 'motif_2']"
27,1,1,1,0,0,0,0,"motif_1,motif_2","['motif_1', 'motif_2']"
28,1,1,1,0,0,0,0,"motif_1,motif_2","['motif_1', 'motif_2']"
29,1,1,1,0,0,0,0,"motif_1,motif_2","['motif_1', 'motif_2']"
30,1,1,1,0,0,0,0,"motif_1,motif_2","['motif_1', 'motif_2']"
31,1,1,1,0,0,0,0,"motif_1,motif_2","['motif_1', 'motif_2']"
32,1,1,1,0,0,0,0,"motif_1,motif_2","['motif_1', 'motif_2']"
33,1,1,1,0,0,0,0,"motif_1,motif_2","['motif_1', 'motif_2']"
34,1,1,1,0,0,0,0,"motif_1,motif_2","['motif_1', 'motif_2']"
35,1,1,1,0,0,0,0,"motif_1,motif_2","['motif_1', 'motif_2']"
36,1,1,1,0,0,0,0,"motif_1,motif_2","['motif_1', 'motif_2']"
37,1,1,1,0,0,0,0,"motif_1,motif_2","['motif_1', 'motif_2']"
38,1,1,1,0,0,0,0,"motif_1,motif_2","['motif_1', 'motif_2']"
39,1,1,1,0,0,0,0,"motif_1,motif_2","['motif_1', 'motif_2']"
40,1,1,1,0,0,0,0,"motif_1,motif_2","['motif_1', 'motif_2']"
41,1,1,1,0,0,0,0,"motif_1,motif_2","['motif_1', 'motif_2']"
42,1,1,1,0,0,0,0,"motif_1,motif_2","['motif_1', 'motif_2']"
43,1,1,1,0,0,0,0,"motif_1,motif_2","['motif_1', 'motif_2']"
44,1,1,1,0,0,0,0,"motif_1,motif_2","['motif_1', 'motif_2']"
45,1,1,1,0,0,0,0,"motif_1,motif_2","['motif_1', 'motif_2']"
46,1,1,1,0,0,0,0,"motif_1,motif_2","['motif_1', 'motif_2']"
47,1,1,1,0,0,0,0,"motif_1,motif_2","['motif_1', 'motif_2']"
48,1,1,1,0,0,0,0,"motif_1,motif_2","['motif_1', 'motif_2']"
49,1,1,1,0,0,0,0,"motif_1,motif_2","['motif_1', 'motif_2']"
50,1,1,1,0,0,0,0,"motif_1,motif_2","['motif_1', 'motif_2']"
51,1,1,1,0,0,0,0,"motif_1,motif_2","['motif_1', 'motif_2']"
52,1,1,1,0,0,0,0,"motif_1,motif_2","['motif_1', 'motif_2']"
53,1,1,1,0,0,0,0,"motif_1,motif_2","['motif_1', 'motif_2']"
54,1,1,1,0,0,0,0,"motif_1,motif_2","['motif_1', 'motif_2']"
55,1,1,1,0,0,0,0,"motif_1,motif_2","['motif_1', 'motif_2']"
56,1,1,1,0,0,0,0,"motif_1,motif_2","['motif_1', 'motif_2']"
57,1,1,1,0,0,0,0,"motif_1,motif_2","['motif_1', 'motif_2']"
58,1,1,1,0,0,0,0,"motif_1,motif_2","['motif_1', 'motif_2']"
59,1,1,1,0,0,0,0,"motif_1,motif_2","['motif_1', 'motif_2']"
60,1,1,1,0,0,0,0,"motif_1,motif_2","['motif_1', 'motif_2']"
61,1,1,1,0,0,0,0,"motif_1,motif_2","['motif_1', 'motif_2']"
62,1,1,1,0,0,0,0,"motif_1,motif_2","['motif_1', 'motif_2']"
63,1,1,1,0,0,0,0,"motif_1,motif_2","['motif_1', 'motif_2']"
64,1,1,1,0,0,0,0,"motif_1,motif_2","['motif_1', 'motif_2']"
65,1,1,1,0,0,0,0,"motif_1,motif_2","['motif_1', 'motif_2']"
66,1,1,1,0,0,0,0,"motif_1,motif_2","['motif_1', 'motif_2']"
67,1,1,1,0,0,0,0,"motif_1,motif_2","['motif_1', 'motif_2']"
68,1,1,1,0,0,0,0,"motif_1,motif_2","['motif_1', 'motif_2']"
69,1,1,1,0,0,0,0,"motif_1,motif_2","['motif_1', 'motif_2']"
70,1,1,1,0,0,0,0,"motif_1,motif_2","['motif_1', 'motif_2']"
71,1,1,1,0,0,0,0,"motif_1,motif_2","['motif_1', 'motif_2']"
72,1,1,1,0,0,0,0,"motif_1,motif_2","['motif_1', 'motif_2']"
73,1,1,1,0,0,0,0,"motif_1,motif_2","['motif_1', 'motif_2']"
74,1,1,1,0,0,0,0,"motif_1,motif_2","['motif_1', 'motif_2']"
75,1,1,1,0,0,0,0,"motif_1,motif_2","['motif_1', 'motif_2']"
76,1,1,1,0,0,0,0,"motif_1,motif_2","['motif_1', 'motif_2']"
77,1,1,1,0,0,0,0,"motif_1,motif_2","['motif_1', 'motif_2']"
78,1,1,1,0,0,0,0,"motif_1,motif_2","['motif_1', 'motif_2']"
79,1,1,1,0,0,0,0,"motif_1,motif_2","['motif_1', 'motif_2']"
80,1,1,1,0,0,0,0,"motif_1,motif_2","['motif_1', 'motif_2']"
81,1,1,1,0,0,0,0,"motif_1,motif_2","['motif_1', 'motif_2']"
82,1,1,1,0,0,0,0,"motif_1,motif_2","['motif_1', 'motif_2']"
83,1,1,1,0,0,0,0,"motif_1,motif_2","['motif_1', 'motif_2']"
84,1,1,1,0,0,0,0,"motif_1,motif_2","['motif_1', 'motif_2']"
85,1,1,1,0,0,0,0,"motif_1,motif_2","['motif_1', 'motif_2']"
86,1,1,1,0,0,0,0,"motif_1,motif_2","['motif_1', 'motif_2']"
87,1,1,1,0,0,0,0,"motif_1,motif_2","['motif_1', 'motif_2']"
88,1,1,1,0,0,0,0,"motif_1,motif_2","['motif_1', 'motif_2']"
89,1,1,1,0,0,0,0,"motif_1,motif_2","['motif_1', 'motif_2']"
90,1,1,1,0,0,0,0,"motif_1,motif_2","['motif_1', 'motif_2']"
91,1,1,1,0,0,0,0,"motif_1,motif_2","['motif_1', 'motif_2']"
92,1,1,1,0,0,0,0,"motif_1,motif_2","['motif_1', 'motif_2']"
93,1,1,1,0,0,0,0,"motif_1,motif_2","['motif_1', 'motif_2']"
94,1,1,1,0,0,0,0,"motif_1,motif_2","['motif_1', 'motif_2']"
95,1,1,1,0,0,0,0,"motif_1,motif_2","['motif_1', 'motif_2']"
96,1,1,1,0,0,0,0,"motif_1,motif_2","['motif_1', 'motif_2']"
97,1,1,1,0,0,0,0,"motif_1,motif_2","['motif_1', 'motif_2']"
98,1,1,1,0,0,0,0,"motif_1,motif_2","['motif_1', 'motif_2']"
99,1,1,1,0,0,0,0,"motif_1,motif_2","['motif_1', 'motif_2']"
100,1,1,1,0,0,0,0,"motif_1,motif_2","['motif_1', 'motif_2']"
101,1,1,1,0,0,0,0,"motif_1,motif_2","['motif_1', 'motif_2']"
102,1,1,1,0,0,0,0,"motif_1,motif_2","['motif_1', 'motif_2']"
103,1,1,1,0,0,0,0,"motif_1,motif_2","['motif_1', 'motif_2']"
104,1,1,1,0,0,0,0,"motif_1,motif_2","['motif_1', 'motif_2']"
105,1,1,1,0,0,0,0,"motif_1,motif_2","['motif_1', 'motif_2']"
106,1,1,1,0,0,0,0,"motif_1,motif_2","['motif_1', 'motif_2']"
107,1,1,1,0,0,0,0,"motif_1,motif_2","['motif_1', 'motif_2']"
108,1,1,1,0,0,0,0,"motif_1,motif_2","['motif_1', 'motif_2']"
109,1,1,1,0,0,0,0,"motif_1,motif_2","['motif_1', 'motif_2']"
110,1,1,1,0,0,0,0,"motif_1,motif_2","['motif_1', 'motif_2']"
111,1,1,1,0,0,0,0,"motif_1,motif_2","['motif_1', 'motif_2']"
112,1,1,1,0,0,0,0,"motif_1,motif_2","['motif_1', 'motif_2']"
113,1,1,1,0,0,0,0,"motif_1,motif_2","['motif_1', 'motif_2']"
114,1,1,1,0,0,0,0,"motif_1,motif_2","['motif_1', 'motif_2']"
115,1,1,1,0,0,0,0,"motif_1,motif_2","['motif_1', 'motif_2']"
116,1,1,1,0,0,0,0,"motif_1,motif_2","['motif_1', 'motif_2']"
117,1,1,1,0,0,0,0,"motif_1,motif_2","['motif_1', 'motif_2']"
118,1,1,1,0,0,0,0,"motif_1,motif_2","['motif_1', 'motif_2']"
119,1,1,1,0,0,0,0,"motif_1,motif_2","['motif_1', 'motif_2']"
120,1,1,1,0,0,0,0,"motif_1,motif_2","['motif_1', 'motif_2']"
121,1,1,1,0,0,0,0,"motif_1,motif_2","['motif_1', 'motif_2']"
122,1,1,1,0,0,0,0,"motif_1,motif_2","['motif_1', 'motif_2']"
123,1,1,1,0,0,0,0,"motif_1,motif_2","['motif_1', 'motif_2']"
124,1,1,1,0,0,0,0,"motif_1,motif_2","['motif_1', 'motif_2']"
125,1,1,1,0,0,0,0,"motif_1,motif_2","['motif_1', 'motif_2']"
126,1,1,1,0,0,0,0,"motif_1,motif_2","['motif_1', 'motif_2']"
127,1,1,1,0,0,0,0,"motif_1,motif_2","['motif_1', 'motif_2']"
128,1,1,1,0,0,0,0,"motif_1,motif_2","['motif_1', 'motif_2']"
129,1,1,1,0,0,0,0,"motif_1,motif_2","['motif_1', 'motif_2']"
130,1,1,1,0,0,0,0,"motif_1,motif_2","['motif_1', 'motif_2']"
131,1,1,1,0,0,0,0,"motif_1,motif_2","['motif_1', 'motif_2']"
132,1,1,1,0,0,0,0,"motif_1,motif_2","['motif_1', 'motif_2']"
133,1,1,1,0,0,0,0,"motif_1,motif_2","['motif_1', 'motif_2']"
134,1,1,1,0,0,0,0,"motif_1,motif_2","['motif_1', 'motif_2']"
135,1,1,1,0,0,0,0,"motif_1,motif_2","['motif_1', 'motif_2']"
136,1,1,1,0,0,0,0,"motif_1,motif_2","['motif_1', 'motif_2']"
137,1,1,1,0,0,0,0,"motif_1,motif_2","['motif_1', 'motif_2']"
138,1,1,1,0,0,0,0,"motif_1,motif_2","['motif_1', 'motif_2']"
139,1,1,1,0,0,0,0,"motif_1,motif_2","['motif_1', 'motif_2']"
140,1,1,1,0,0,0,0,"motif_1,motif_2","['motif_1', 'motif_2']"
141,1,1,1,0,0,0,0,"motif_1,motif_2","['motif_1', 'motif_2']"
142,1,1,1,0,0,0,0,"motif_1,motif_2","['motif_1', 'motif_2']"
143,1,1,1,0,0,0,0,"motif_1,motif_2","['motif_1', 'motif_2']"
144,1,1,1,0,0,0,0,"motif_1,motif_2","['motif_1', 'motif_2']"
145,1,1,1,0,0,0,0,"motif_1,motif_2","['motif_1', 'motif_2']"
146,1,1,1,0,0,0,0,"motif_1,motif_2","['motif_1', 'motif_2']"
147,1,1,1,0,0,0,0,"motif_1,motif_2","['motif_1', 'motif_2']"
148,1,1,1,0,0,0,0,"motif_1,motif_2","['motif_1', 'motif_2']"
149,1,1,1,0,0,0,0,"motif_1,motif_2","['motif_1', 'motif_2']"
150,1,1,1,0,0,0,0,"motif_1,motif_2","['motif_1', 'motif_2']"
151,1,1,1,0,0,0,0,"motif_1,motif_2","['motif_1', 'motif_2']"
152,1,1,1,0,0,0,0,"motif_1,motif_2","['motif_1', 'motif_2']"
153,1,1,1,0,0,0,0,"motif_1,motif_2","['motif_1', 'motif_2']"
154,1,1,1,0,0,0,0,"motif_1,motif_2","['motif_1', 'motif_2']"
155,1,1,1,0,0,0,0,"motif_1,motif_2","['motif_1', 'motif_2']"
156,1,1,1,0,0,0,0,"motif_1,motif_2","['motif_1', 'motif_2']"
157,1,1,1,0,0,0,0,"motif_1,motif_2","['motif_1', 'motif_2']"
158,1,1,1,0,0,0,0,"motif_1,motif_2","['motif_1', 'motif_2']"
159,1,1,1,0,0,0,0,"motif_1,motif_2","['motif_1', 'motif_2']"
160,1,1,1,0,0,0,0,"motif_1,motif_2","['motif_1', 'motif_2']"
161,1,1,1,0,0,0,0,"motif_1,motif_2","['motif_1', 'motif_2']"
162,1,1,1,0,0,0,0,"motif_1,motif_2","['motif_1', 'motif_2']"
163,1,1,1,0,0,0,0,"motif_1,motif_2","['motif_1', 'motif_2']"
164,1,1,1,0,0,0,0,"motif_1,motif_2","['motif_1', 'motif_2']"
165,1,1,1,0,0,0,0,"motif_1,motif_2","['motif_1', 'motif_2']"
166,1,1,1,0,0,0,0,"motif_1,motif_2","['motif_1', 'motif_2']"
167,1,1,1,0,0,0,0,"motif_1,motif_2","['motif_1', 'motif_2']"
168,1,1,1,0,0,0,0,"motif_1,motif_2","['motif_1', 'motif_2']"
169,1,1,1,0,0,0,0,"motif_1,motif_2","['motif_1', 'motif_2']"
170,1,1,1,0,0,0,0,"motif_1,motif_2","['motif_1', 'motif_2']"
171,1,1,1,0,0,0,0,"motif_1,motif_2","['motif_1', 'motif_2']"
172,1,1,1,0,0,0,0,"motif_1,motif_2","['motif_1', 'motif_2']"
173,1,1,1,0,0,0,0,"motif_1,motif_2","['motif_1', 'motif_2']"
174,1,1,1,0,0,0,0,"motif_1,motif_2","['motif_1', 'motif_2']"
175,1,1,1,0,0,0,0,"motif_1,motif_2","['motif_1', 'motif_2']"
176,1,1,1,0,0,0,0,"motif_1,motif_2","['motif_1', 'motif_2']"
177,1,1,1,0,0,0,0,"motif_1,motif_2","['motif_1', 'motif_2']"
178,1,1,1,0,0,0,0,"motif_1,motif_2","['motif_1', 'motif_2']"
179,1,1,1,0,0,0,0,"motif_1,motif_2","['motif_1', 'motif_2']"
180,1,1,1,0,0,0,0,"motif_1,motif_2","['motif_1', 'motif_2']"
181,1,1,1,0,0,0,0,"motif_1,motif_2","['motif_1', 'motif_2']"
182,1,1,1,0,0,0,0,"motif_1,motif_2","['motif_1', 'motif_2']"
183,1,1,1,0,0,0,0,"motif_1,motif_2","['motif_1', 'motif_2']"
184,1,1,1,0,0,0,0,"motif_1,motif_2","['motif_1', 'motif_2']"
185,1,1,1,0,0,0,0,"motif_1,motif_2","['motif_1', 'motif_2']"
186,1,1,1,0,0,0,0,"motif_1,motif_2","['motif_1', 'motif_2']"
187,1,1,1,0,0,0,0,"motif_1,motif_2","['motif_1', 'motif_2']"
188,1,1,1,0,0,0,0,"motif_1,motif_2","['motif_1', 'motif_2']"
189,1,1,1,0,0,0,0,"motif_1,motif_2","['motif_1', 'motif_2']"
190,1,1,1,0,0,0,0,"motif_1,motif_2","['motif_1', 'motif_2']"
191,1,1,1,0,0,0,0,"motif_1,motif_2","['motif_1', 'motif_2']"
192,1,1,1,0,0,0,0,"motif_1,motif_2","['motif_1', 'motif_2']"
193,1,1,1,0,0,0,0,"motif_1,motif_2","['motif_1', 'motif_2']"
194,1,1,1,0,0,0,0,"motif_1,motif_2","['motif_1', 'motif_2']"
195,1,1,1,0,0,0,0,"motif_1,motif_2","['motif_1', 'motif_2']"
196,1,1,1,0,0,0,0,"motif_1,motif_2","['motif_1', 'motif_2']"
197,1,1,1,0,0,0,0,"motif_1,motif_2","['motif_1', 'motif_2']"
198,1,1,1,0,0,0,0,"motif_1,motif_2","['motif_1', 'motif_2']"
199,1,1,1,0,0,0,0,"motif_1,motif_2","['motif_1', 'motif_2']"
200,1,1,1,0,0,0,0,"motif_1,motif_2","['motif_1', 'motif_2']"
201,1,1,1,0,0,0,0,"motif_1,motif_2","['motif_1', 'motif_2']"
202,1,1,1,0,0,0,0,"motif_1,motif_2","['motif_1', 'motif_2']"
203,1,1,1,0,0,0,0,"motif_1,motif_2","['motif_1', 'motif_2']"
204,1,1,1,0,0,0,0,"motif_1,motif_2","['motif_1', 'motif_2']"
205,1,1,1,0,0,0,0,"motif_1,motif_2","['motif_1', 'motif_2']"
206,1,1,1,0,0,0,0,"motif_1,motif_2","['motif_1', 'motif_2']"
207,1,1,1,0,0,0,0,"motif_1,motif_2","['motif_1', 'motif_2']"
208,1,1,1,0,0,0,0,"motif_1,motif_2","['motif_1', 'motif_2']"
209,1,1,1,0,0,0,0,"motif_1,motif_2","['motif_1', 'motif_2']"
210,1,1,1,0,0,0,0,"motif_1,motif_2","['motif_1', 'motif_2']"
211,1,1,1,0,0,0,0,"motif_1,motif_2","['motif_1', 'motif_2']"
212,1,1,1,0,0,0,0,"motif_1,motif_2","['motif_1', 'motif_2']"
213,1,1,1,0,0,0,0,"motif_1,motif_2","['motif_1', 'motif_2']"
214,1,1,1,0,0,0,0,"motif_1,motif_2","['motif_1', 'motif_2']"
215,1,1,1,0,0,0,0,"motif_1,motif_2","['motif_1', 'motif_2']"
216,1,1,1,0,0,0,0,"motif_1,motif_2","['motif_1', 'motif_2']"
217,1,1,1,0,0,0,0,"motif_1,motif_2","['motif_1', 'motif_2']"
218,1,1,1,0,0,0,0,"motif_1,motif_2","['motif_1', 'motif_2']"
219,1,1,1,0,0,0,0,"motif_1,motif_2","['motif_1', 'motif_2']"
220,1,1,1,0,0,0,0,"motif_1,motif_2","['motif_1', 'motif_2']"
221,1,1,1,0,0,0,0,"motif_1,motif_2","['motif_1', 'motif_2']"
222,1,1,1,0,0,0,0,"motif_1,motif_2","['motif_1', 'motif_2']"
223,1,1,1,0,0,0,0,"motif_1,motif_2","['motif_1', 'motif_2']"
224,1,1,1,0,0,0,0,"motif_1,motif_2","['motif_1', 'motif_2']"
225,1,1,1,0,0,0,0,"motif_1,motif_2","['motif_1', 'motif_2']"
226,1,1,1,0,0,0,0,"motif_1,motif_2","['motif_1', 'motif_2']"
227,1,1,1,0,0,0,0,"motif_1,motif_2","['motif_1', 'motif_2']"
228,1,1,1,0,0,0,0,"motif_1,motif_2","['motif_1', 'motif_2']"
229,1,1,1,0,0,0,0,"motif_1,motif_2","['motif_1', 'motif_2']"
230,1,1,1,0,0,0,0,"motif_1,motif_2","['motif_1', 'motif_2']"
231,1,1,1,0,0,0,0,"motif_1,motif_2","['motif_1', 'motif_2']"
232,1,1,1,0,0,0,0,"motif_1,motif_2","['motif_1', 'motif_2']"
233,1,1,1,0,0,0,0,"motif_1,motif_2","['motif_1', 'motif_2']"
234,1,1,1,0,0,0,0,"motif_1,motif_2","['motif_1', 'motif_2']"
235,1,1,1,0,0,0,0,"motif_1,motif_2","['motif_1', 'motif_2']"
236,1,1,1,0,0,0,0,"motif_1,motif_2","['motif_1', 'motif_2']"
237,1,1,1,0,0,0,0,"motif_1,motif_2","['motif_1', 'motif_2']"
238,1,1,1,0,0,0,0,"motif_1,motif_2","['motif_1', 'motif_2']"
239,1,1,1,0,0,0,0,"motif_1,motif_2","['motif_1', 'motif_2']"
240,1,1,1,0,0,0,0,"motif_1,motif_2","['motif_1', 'motif_2']"
241,1,1,1,0,0,0,0,"motif_1,motif_2","['motif_1', 'motif_2']"
242,1,1,1,0,0,0,0,"motif_1,motif_2","['motif_1', 'motif_2']"
243,1,1,1,0,0,0,0,"motif_1,motif_2","['motif_1', 'motif_2']"
244,1,1,1,0,0,0,0,"motif_1,motif_2","['motif_1', 'motif_2']"
245,1,1,1,0,0,0,0,"motif_1,motif_2","['motif_1', 'motif_2']"
246,1,1,1,0,0,0,0,"motif_1,motif_2","['motif_1', 'motif_2']"
247,1,1,1,0,0,0,0,"motif_1,motif_2","['motif_1', 'motif_2']"
248,1,1,1,0,0,0,0,"motif_1,motif_2","['motif_1', 'motif_2']"
249,1,1,1,0,0,0,0,"motif_1,motif_2","['motif_1', 'motif_2']"
250,1,1,1,0,0,0,0,"motif_1,motif_2","['motif_1', 'motif_2']"
251,1,1,1,0,0,0,0,"motif_1,motif_2","['motif_1', 'motif_2']"
252,1,1,1,0,0,0,0,"motif_1,motif_2","['motif_1', 'motif_2']"
253,1,1,1,0,0,0,0,"motif_1,motif_2","['motif_1', 'motif_2']"
254,1,1,1,0,0,0,0,"motif_1,motif_2","['motif_1', 'motif_2']"
255,1,1,1,0,0,0,0,"motif_1,motif_2","['motif_1', 'motif_2']"
256,1,1,1,0,0,0,0,"motif_1,motif_2","['motif_1', 'motif_2']"
257,1,1,1,0,0,0,0,"motif_1,motif_2","['motif_1', 'motif_2']"
258,1,1,1,0,0,0,0,"motif_1,motif_2","['motif_1', 'motif_2']"
259,1,1,1,0,0,0,0,"motif_1,motif_2","['motif_1', 'motif_2']"
260,1,1,1,0,0,0,0,"motif_1,motif_2","['motif_1', 'motif_2']"
261,1,1,1,0,0,0,0,"motif_1,motif_2","['motif_1', 'motif_2']"
262,1,1,1,0,0,0,0,"motif_1,motif_2","['motif_1', 'motif_2']"
263,1,1,1,0,0,0,0,"motif_1,motif_2","['motif_1', 'motif_2']"
264,1,1,1,0,0,0,0,"motif_1,motif_2","['motif_1', 'motif_2']"
265,1,1,1,0,0,0,0,"motif_1,motif_2","['motif_1', 'motif_2']"
266,1,1,1,0,0,0,0,"motif_1,motif_2","['motif_1', 'motif_2']"
267,1,1,1,0,0,0,0,"motif_1,motif_2","['motif_1', 'motif_2']"
268,1,1,1,0,0,0,0,"motif_1,motif_2","['motif_1', 'motif_2']"
269,1,1,1,0,0,0,0,"motif_1,motif_2","['motif_1', 'motif_2']"
270,1,1,1,0,0,0,0,"motif_1,motif_2","['motif_1', 'motif_2']"
271,1,1,1,0,0,0,0,"motif_1,motif_2","['motif_1', 'motif_2']"
272,1,1,1,0,0,0,0,"motif_1,motif_2","['motif_1', 'motif_2']"
273,1,1,1,0,0,0,0,"motif_1,motif_2","['motif_1', 'motif_2']"
274,1,1,1,0,0,0,0,"motif_1,motif_2","['motif_1', 'motif_2']"
275,1,1,1,0,0,0,0,"motif_1,motif_2","['motif_1', 'motif_2']"
276,1,1,1,0,0,0,0,"motif_1,motif_2","['motif_1', 'motif_2']"
277,1,1,1,0,0,0,0,"motif_1,motif_2","['motif_1', 'motif_2']"
278,1,1,1,0,0,0,0,"motif_1,motif_2","['motif_1', 'motif_2']"
279,1,1,1,0,0,0,0,"motif_1,motif_2","['motif_1', 'motif_2']"
280,1,1,1,0,0,0,0,"motif_1,motif_2","['motif_1', 'motif_2']"
281,1,1,1,0,0,0,0,"motif_1,motif_2","['motif_1', 'motif_2']"
282,1,1,1,0,0,0,0,"motif_1,motif_2","['motif_1', 'motif_2']"
283,1,1,1,0,0,0,0,"motif_1,motif_2","['motif_1', 'motif_2']"
284,1,1,1,0,0,0,0,"motif_1,motif_2","['motif_1', 'motif_2']"
285,1,1,1,0,0,0,0,"motif_1,motif_2","['motif_1', 'motif_2']"
286,1,1,1,0,0,0,0,"motif_1,motif_2","['motif_1', 'motif_2']"
287,1,1,1,0,0,0,0,"motif_1,motif_2","['motif_1', 'motif_2']"
288,1,1,1,0,0,0,0,"motif_1,motif_2","['motif_1', 'motif_2']"
289,1,1,1,0,0,0,0,"motif_1,motif_2","['motif_1', 'motif_2']"
290,1,1,1,0,0,0,0,"motif_1,motif_2","['motif_1', 'motif_2']"
291,1,1,1,0,0,0,0,"motif_1,motif_2","['motif_1', 'motif_2']"
292,1,1,1,0,0,0,0,"motif_1,motif_2","['motif_1', 'motif_2']"
293,1,1,1,0,0,0,0,"motif_1,motif_2","['motif_1', 'motif_2']"
294,1,1,1,0,0,0,0,"motif_1,motif_2","['motif_1', 'motif_2']"
295,1,1,1,0,0,0,0,"motif_1,motif_2","['motif_1', 'motif_2']"
296,1,1,1,0,0,0,0,"motif_1,motif_2","['motif_1', 'motif_2']"
297,1,1,1,0,0,0,0,"motif_1,motif_2","['motif_1', 'motif_2']"
298,1,1,1,0,0,0,0,"motif_1,motif_2","['motif_1', 'motif_2']"
299,1,1,1,0,0,0,0,"motif_1,motif_2","['motif_1', 'motif_2']"
300,1,1,1,0,0,0,0,"motif_1,motif_2","['motif_1', 'motif_2']"
301,1,1,1,0,0,0,0,"motif_1,motif_2","['motif_1', 'motif_2']"
302,1,1,1,0,0,0,0,"motif_1,motif_2","['motif_1', 'motif_2']"
303,1,1,1,0,0,0,0,"motif_1,motif_2","['motif_1', 'motif_2']"
304,1,1,1,0,0,0,0,"motif_1,motif_2","['motif_1', 'motif_2']"
305,1,1,1,0,0,0,0,"motif_1,motif_2","['motif_1', 'motif_2']"
306,1,1,1,0,0,0,0,"motif_1,motif_2","['motif_1', 'motif_2']"
307,1,1,1,0,0,0,0,"motif_1,motif_2","['motif_1', 'motif_2']"
308,1,1,1,0,0,0,0,"motif_1,motif_2","['motif_1', 'motif_2']"
309,1,1,1,0,0,0,0,"motif_1,motif_2","['motif_1', 'motif_2']"
310,1,1,1,0,0,0,0,"motif_1,motif_2","['motif_1', 'motif_2']"
311,1,1,1,0,0,0,0,"motif_1,motif_2","['motif_1', 'motif_2']"
312,1,1,1,0,0,0,0,"motif_1,motif_2","['motif_1', 'motif_2']"
313,1,1,1,0,0,0,0,"motif_1,motif_2","['motif_1', 'motif_2']"
314,1,1,1,0,0,0,0,"motif_1,motif_2","['motif_1', 'motif_2']"
315,1,1,1,0,0,0,0,"motif_1,motif_2","['motif_1', 'motif_2']"
316,1,1,1,0,0,0,0,"motif_1,motif_2","['motif_1', 'motif_2']"
317,1,1,1,0,0,0,0,"motif_1,motif_2","['motif_1', 'motif_2']"
318,1,1,1,0,0,0,0,"motif_1,motif_2","['motif_1', 'motif_2']"
319,1,1,1,0,0,0,0,"motif_1,motif_2","['motif_1', 'motif_2']"
320,1,1,1,0,0,0,0,"motif_1,motif_2","['motif_1', 'motif_2']"
321,1,1,1,0,0,0,0,"motif_1,motif_2","['motif_1', 'motif_2']"
322,1,1,1,0,0,0,0,"motif_1,motif_2","['motif_1', 'motif_2']"
323,1,1,1,0,0,0,0,"motif_1,motif_2","['motif_1', 'motif_2']"
324,1,1,1,0,0,0,0,"motif_1,motif_2","['motif_1', 'motif_2']"
325,1,1,1,0,0,0,0,"motif_1,motif_2","['motif_1', 'motif_2']"
326,1,1,1,0,0,0,0,"motif_1,motif_2","['motif_1', 'motif_2']"
327,1,1,1,0,0,0,0,"motif_1,motif_2","['motif_1', 'motif_2']"
328,1,1,1,0,0,0,0,"motif_1,motif_2","['motif_1', 'motif_2']"
329,1,1,1,0,0,0,0,"motif_1,motif_2","['motif_1', 'motif_2']"
330,1,1,1,0,0,0,0,"motif_1,motif_2","['motif_1', 'motif_2']"
331,1,1,1,0,0,0,0,"motif_1,motif_2","['motif_1', 'motif_2']"
332,1,1,1,0,0,0,0,"motif_1,motif_2","['motif_1', 'motif_2']"
333,1,1,1,0,0,0,0,"motif_1,motif_2","['motif_1', 'motif_2']"
334,1,1,1,0,0,0,0,"motif_1,motif_2","['motif_1', 'motif_2']"
335,1,1,1,0,0,0,0,"motif_1,motif_2","['motif_1', 'motif_2']"
336,1,1,1,0,0,0,0,"motif_1,motif_2","['motif_1', 'motif_2']"
337,1,1,1,0,0,0,0,"motif_1,motif_2","['motif_1', 'motif_2']"
338,1,1,1,0,0,0,0,"motif_1,motif_2","['motif_1', 'motif_2']"
339,1,1,1,0,0,0,0,"motif_1,motif_2","['motif_1', 'motif_2']"
340,1,1,1,0,0,0,0,"motif_1,motif_2","['motif_1', 'motif_2']"
341,1,1,1,0,0,0,0,"motif_1,motif_2","['motif_1', 'motif_2']"
342,1,1,1,0,0,0,0,"motif_1,motif_2","['motif_1', 'motif_2']"
343,1,1,1,0,0,0,0,"motif_1,motif_2","['motif_1', 'motif_2']"
344,1,1,1,0,0,0,0,"motif_1,motif_2","['motif_1', 'motif_2']"
345,1,1,1,0,0,0,0,"motif_1,motif_2","['motif_1', 'motif_2']"
346,1,1,1,0,0,0,0,"motif_1,motif_2","['motif_1', 'motif_2']"
347,1,1,1,0,0,0,0,"motif_1,motif_2","['motif_1', 'motif_2']"
348,1,1,1,0,0,0,0,"motif_1,motif_2","['motif_1', 'motif_2']"
349,1,1,1,0,0,0,0,"motif_1,motif_2","['motif_1', 'motif_2']"
350,1,1,1,0,0,0,0,"motif_1,motif_2","['motif_1', 'motif_2']"
351,1,1,1,0,0,0,0,"motif_1,motif_2","['motif_1', 'motif_2']"
352,1,1,1,0,0,0,0,"motif_1,motif_2","['motif_1', 'motif_2']"
353,1,1,1,0,0,0,0,"motif_1,motif_2","['motif_1', 'motif_2']"
354,1,1,1,0,0,0,0,"motif_1,motif_2","['motif_1', 'motif_2']"
355,1,1,1,0,0,0,0,"motif_1,motif_2","['motif_1', 'motif_2']"
356,1,1,1,0,0,0,0,"motif_1,motif_2","['motif_1', 'motif_2']"
357,1,1,1,0,0,0,0,"motif_1,motif_2","['motif_1', 'motif_2']"
358,1,1,1,0,0,0,0,"motif_1,motif_2","['motif_1', 'motif_2']"
359,1,1,1,0,0,0,0,"motif_1,motif_2","['motif_1', 'motif_2']"
360,1,1,1,0,0,0,0,"motif_1,motif_2","['motif_1', 'motif_2']"
361,1,1,1,0,0,0,0,"motif_1,motif_2","['motif_1', 'motif_2']"
362,1,1,1,0,0,0,0,"motif_1,motif_2","['motif_1', 'motif_2']"
363,1,1,1,0,0,0,0,"motif_1,motif_2","['motif_1', 'motif_2']"
364,1,1,1,0,0,0,0,"motif_1,motif_2","['motif_1', 'motif_2']"
365,1,1,1,0,0,0,0,"motif_1,motif_2","['motif_1', 'motif_2']"
366,1,1,1,0,0,0,0,"motif_1,motif_2","['motif_1', 'motif_2']"
367,1,1,1,0,0,0,0,"motif_1,motif_2","['motif_1', 'motif_2']"
368,1,1,1,0,0,0,0,"motif_1,motif_2","['motif_1', 'motif_2']"
369,1,1,1,0,0,0,0,"motif_1,motif_2","['motif_1', 'motif_2']"
370,1,1,1,0,0,0,0,"motif_1,motif_2","['motif_1', 'motif_2']"
371,1,1,1,0,0,0,0,"motif_1,motif_2","['motif_1', 'motif_2']"
372,1,1,1,0,0,0,0,"motif_1,motif_2","['motif_1', 'motif_2']"
373,1,1,1,0,0,0,0,"motif_1,motif_2","['motif_1', 'motif_2']"
374,1,1,1,0,0,0,0,"motif_1,motif_2","['motif_1', 'motif_2']"
375,1,1,1,0,0,0,0,"motif_1,motif_2","['motif_1', 'motif_2']"
376,1,1,1,0,0,0,0,"motif_1,motif_2","['motif_1', 'motif_2']"
377,1,1,1,0,0,0,0,"motif_1,motif_2","['motif_1', 'motif_2']"
378,1,1,1,0,0,0,0,"motif_1,motif_2","['motif_1', 'motif_2']"
379,1,1,1,0,0,0,0,"motif_1,motif_2","['motif_1', 'motif_2']"
380,1,1,1,0,0,0,0,"motif_1,motif_2","['motif_1', 'motif_2']"
381,1,1,1,0,0,0,0,"motif_1,motif_2","['motif_1', 'motif_2']"
382,1,1,1,0,0,0,0,"motif_1,motif_2","['motif_1', 'motif_2']"
383,1,1,1,0,0,0,0,"motif_1,motif_2","['motif_1', 'motif_2']"
384,1,1,1,0,0,0,0,"motif_1,motif_2","['motif_1', 'motif_2']"
385,1,1,1,0,0,0,0,"motif_1,motif_2","['motif_1', 'motif_2']"
386,1,1,1,0,0,0,0,"motif_1,motif_2","['motif_1', 'motif_2']"
387,1,1,1,0,0,0,0,"motif_1,motif_2","['motif_1', 'motif_2']"
388,1,1,1,0,0,0,0,"motif_1,motif_2","['motif_1', 'motif_2']"
389,1,1,1,0,0,0,0,"motif_1,motif_2","['motif_1', 'motif_2']"
390,1,1,1,0,0,0,0,"motif_1,motif_2","['motif_1', 'motif_2']"
391,1,1,1,0,0,0,0,"motif_1,motif_2","['motif_1', 'motif_2']"
392,1,1,1,0,0,0,0,"motif_1,motif_2","['motif_1', 'motif_2']"
393,1,1,1,0,0,0,0,"motif_1,motif_2","['motif_1', 'motif_2']"
394,1,1,1,0,0,0,0,"motif_1,motif_2","['motif_1', 'motif_2']"
395,1,1,1,0,0,0,0,"motif_1,motif_2","['motif_1', 'motif_2']"
396,1,1,1,0,0,0,0,"motif_1,motif_2","['motif_1', 'motif_2']"
397,1,1,1,0,0,0,0,"motif_1,motif_2","['motif_1', 'motif_2']"
398,1,1,1,0,0,0,0,"motif_1,motif_2","['motif_1', 'motif_2']"
399,1,1,1,0,0,0,0,"motif_1,motif_2","['motif_1', 'motif_2']"
400,1,1,1,0,0,0,0,"motif_1,motif_2","['motif_1', 'motif_2']"
401,1,1,1,0,0,0,0,"motif_1,motif_2","['motif_1', 'motif_2']"
402,1,1,1,0,0,0,0,"motif_1,motif_2","['motif_1', 'motif_2']"
403,1,1,1,0,0,0,0,"motif_1,motif_2","['motif_1', 'motif_2']"
404,1,1,1,0,0,0,0,"motif_1,motif_2","['motif_1', 'motif_2']"
405,1,1,1,0,0,0,0,"motif_1,motif_2","['motif_1', 'motif_2']"
406,1,1,1,0,0,0,0,"motif_1,motif_2","['motif_1', 'motif_2']"
407,1,1,1,0,0,0,0,"motif_1,motif_2","['motif_1', 'motif_2']"
408,1,1,1,0,0,0,0,"motif_1,motif_2","['motif_1', 'motif_2']"
409,1,1,1,0,0,0,0,"motif_1,motif_2","['motif_1', 'motif_2']"
410,1,1,1,0,0,0,0,"motif_1,motif_2","['motif_1', 'motif_2']"
411,1,1,1,0,0,0,0,"motif_1,motif_2","['motif_1', 'motif_2']"
412,1,1,1,0,0,0,0,"motif_1,motif_2","['motif_1', 'motif_2']"
413,1,1,1,0,0,0,0,"motif_1,motif_2","['motif_1', 'motif_2']"
414,1,1,1,0,0,0,0,"motif_1,motif_2","['motif_1', 'motif_2']"
415,1,1,1,0,0,0,0,"motif_1,motif_2","['motif_1', 'motif_2']"
416,1,1,1,0,0,0,0,"motif_1,motif_2","['motif_1', 'motif_2']"
417,1,1,1,0,0,0,0,"motif_1,motif_2","['motif_1', 'motif_2']"
418,1,1,1,0,0,0,0,"motif_1,motif_2","['motif_1', 'motif_2']"
419,1,1,1,0,0,0,0,"motif_1,motif_2","['motif_1', 'motif_2']"
420,1,1,1,0,0,0,0,"motif_1,motif_2","['motif_1', 'motif_2']"
421,1,1,1,0,0,0,0,"motif_1,motif_2","['motif_1', 'motif_2']"
422,1,1,1,0,0,0,0,"motif_1,motif_2","['motif_1', 'motif_2']"
423,1,1,1,0,0,0,0,"motif_1,motif_2","['motif_1', 'motif_2']"
424,1,1,1,0,0,0,0,"motif_1,motif_2","['motif_1', 'motif_2']"
425,1,1,1,0,0,0,0,"motif_1,motif_2","['motif_1', 'motif_2']"
426,1,1,1,0,0,0,0,"motif_1,motif_2","['motif_1', 'motif_2']"
427,1,1,1,0,0,0,0,"motif_1,motif_2","['motif_1', 'motif_2']"
428,1,1,1,0,0,0,0,"motif_1,motif_2","['motif_1', 'motif_2']"
429,1,1,1,0,0,0,0,"motif_1,motif_2","['motif_1', 'motif_2']"
430,1,1,1,0,0,0,0,"motif_1,motif_2","['motif_1', 'motif_2']"
431,1,1,1,0,0,0,0,"motif_1,motif_2","['motif_1', 'motif_2']"
432,1,1,1,0,0,0,0,"motif_1,motif_2","['motif_1', 'motif_2']"
433,1,1,1,0,0,0,0,"motif_1,motif_2","['motif_1', 'motif_2']"
434,1,1,1,0,0,0,0,"motif_1,motif_2","['motif_1', 'motif_2']"
435,1,1,1,0,0,0,0,"motif_1,motif_2","['motif_1', 'motif_2']"
436,1,1,1,0,0,0,0,"motif_1,motif_2","['motif_1', 'motif_2']"
437,1,1,1,0,0,0,0,"motif_1,motif_2","['motif_1', 'motif_2']"
438,1,1,1,0,0,0,0,"motif_1,motif_2","['motif_1', 'motif_2']"
439,1,1,1,0,0,0,0,"motif_1,motif_2","['motif_1', 'motif_2']"
440,1,1,1,0,0,0,0,"motif_1,motif_2","['motif_1', 'motif_2']"
441,1,1,1,0,0,0,0,"motif_1,motif_2","['motif_1', 'motif_2']"
442,1,1,1,0,0,0,0,"motif_1,motif_2","['motif_1', 'motif_2']"
443,1,1,1,0,0,0,0,"motif_1,motif_2","['motif_1', 'motif_2']"
444,1,1,1,0,0,0,0,"motif_1,motif_2","['motif_1', 'motif_2']"
445,1,1,1,0,0,0,0,"motif_1,motif_2","['motif_1', 'motif_2']"
446,1,1,1,0,0,0,0,"motif_1,motif_2","['motif_1', 'motif_2']"
447,1,1,1,0,0,0,0,"motif_1,motif_2","['motif_1', 'motif_2']"
448,1,1,1,0,0,0,0,"motif_1,motif_2","['motif_1', 'motif_2']"
449,1,1,1,0,0,0,0,"motif_1,motif_2","['motif_1', 'motif_2']"
450,2,0,0,1,1,0,0,"motif_3,motif_4","['motif_3', 'motif_4']"
451,2,0,0,1,1,0,0,"motif_3,motif_4","['motif_3', 'motif_4']"
452,2,0,0,1,1,0,0,"motif_3,motif_4","['motif_3', 'motif_4']"
453,2,0,0,1,1,0,0,"motif_3,motif_4","['motif_3', 'motif_4']"
454,2,0,0,1,1,0,0,"motif_3,motif_4","['motif_3', 'motif_4']"
455,2,0,0,1,1,0,0,"motif_3,motif_4","['motif_3', 'motif_4']"
456,2,0,0,1,1,0,0,"motif_3,motif_4","['motif_3', 'motif_4']"
457,2,0,0,1,1,0,0,"motif_3,motif_4","['motif_3', 'motif_4']"
458,2,0,0,1,1,0,0,"motif_3,motif_4","['motif_3', 'motif_4']"
459,2,0,0,1,1,0,0,"motif_3,motif_4","['motif_3', 'motif_4']"
460,2,0,0,1,1,0,0,"motif_3,motif_4","['motif_3', 'motif_4']"
461,2,0,0,1,1,0,0,"motif_3,motif_4","['motif_3', 'motif_4']"
462,2,0,0,1,1,0,0,"motif_3,motif_4","['motif_3', 'motif_4']"
463,2,0,0,1,1,0,0,"motif_3,motif_4","['motif_3', 'motif_4']"
464,2,0,0,1,1,0,0,"motif_3,motif_4","['motif_3', 'motif_4']"
465,2,0,0,1,1,0,0,"motif_3,motif_4","['motif_3', 'motif_4']"
466,2,0,0,1,1,0,0,"motif_3,motif_4","['motif_3', 'motif_4']"
467,2,0,0,1,1,0,0,"motif_3,motif_4","['motif_3', 'motif_4']"
468,2,0,0,1,1,0,0,"motif_3,motif_4","['motif_3', 'motif_4']"
469,2,0,0,1,1,0,0,"motif_3,motif_4","['motif_3', 'motif_4']"
470,2,0,0,1,1,0,0,"motif_3,motif_4","['motif_3', 'motif_4']"
471,2,0,0,1,1,0,0,"motif_3,motif_4","['motif_3', 'motif_4']"
472,2,0,0,1,1,0,0,"motif_3,motif_4","['motif_3', 'motif_4']"
473,2,0,0,1,1,0,0,"motif_3,motif_4","['motif_3', 'motif_4']"
474,2,0,0,1,1,0,0,"motif_3,motif_4","['motif_3', 'motif_4']"
475,2,0,0,1,1,0,0,"motif_3,motif_4","['motif_3', 'motif_4']"
476,2,0,0,1,1,0,0,"motif_3,motif_4","['motif_3', 'motif_4']"
477,2,0,0,1,1,0,0,"motif_3,motif_4","['motif_3', 'motif_4']"
478,2,0,0,1,1,0,0,"motif_3,motif_4","['motif_3', 'motif_4']"
479,2,0,0,1,1,0,0,"motif_3,motif_4","['motif_3', 'motif_4']"
480,2,0,0,1,1,0,0,"motif_3,motif_4","['motif_3', 'motif_4']"
481,2,0,0,1,1,0,0,"motif_3,motif_4","['motif_3', 'motif_4']"
482,2,0,0,1,1,0,0,"motif_3,motif_4","['motif_3', 'motif_4']"
483,2,0,0,1,1,0,0,"motif_3,motif_4","['motif_3', 'motif_4']"
484,2,0,0,1,1,0,0,"motif_3,motif_4","['motif_3', 'motif_4']"
485,2,0,0,1,1,0,0,"motif_3,motif_4","['motif_3', 'motif_4']"
486,2,0,0,1,1,0,0,"motif_3,motif_4","['motif_3', 'motif_4']"
487,2,0,0,1,1,0,0,"motif_3,motif_4","['motif_3', 'motif_4']"
488,2,0,0,1,1,0,0,"motif_3,motif_4","['motif_3', 'motif_4']"
489,2,0,0,1,1,0,0,"motif_3,motif_4","['motif_3', 'motif_4']"
490,2,0,0,1,1,0,0,"motif_3,motif_4","['motif_3', 'motif_4']"
491,2,0,0,1,1,0,0,"motif_3,motif_4","['motif_3', 'motif_4']"
492,2,0,0,1,1,0,0,"motif_3,motif_4","['motif_3', 'motif_4']"
493,2,0,0,1,1,0,0,"motif_3,motif_4","['motif_3', 'motif_4']"
494,2,0,0,1,1,0,0,"motif_3,motif_4","['motif_3', 'motif_4']"
495,2,0,0,1,1,0,0,"motif_3,motif_4","['motif_3', 'motif_4']"
496,2,0,0,1,1,0,0,"motif_3,motif_4","['motif_3', 'motif_4']"
497,2,0,0,1,1,0,0,"motif_3,motif_4","['motif_3', 'motif_4']"
498,2,0,0,1,1,0,0,"motif_3,motif_4","['motif_3', 'motif_4']"
499,2,0,0,1,1,0,0,"motif_3,motif_4","['motif_3', 'motif_4']"
500,2,0,0,1,1,0,0,"motif_3,motif_4","['motif_3', 'motif_4']"
501,2,0,0,1,1,0,0,"motif_3,motif_4","['motif_3', 'motif_4']"
502,2,0,0,1,1,0,0,"motif_3,motif_4","['motif_3', 'motif_4']"
503,2,0,0,1,1,0,0,"motif_3,motif_4","['motif_3', 'motif_4']"
504,2,0,0,1,1,0,0,"motif_3,motif_4","['motif_3', 'motif_4']"
505,2,0,0,1,1,0,0,"motif_3,motif_4","['motif_3', 'motif_4']"
506,2,0,0,1,1,0,0,"motif_3,motif_4","['motif_3', 'motif_4']"
507,2,0,0,1,1,0,0,"motif_3,motif_4","['motif_3', 'motif_4']"
508,2,0,0,1,1,0,0,"motif_3,motif_4","['motif_3', 'motif_4']"
509,2,0,0,1,1,0,0,"motif_3,motif_4","['motif_3', 'motif_4']"
510,2,0,0,1,1,0,0,"motif_3,motif_4","['motif_3', 'motif_4']"
511,2,0,0,1,1,0,0,"motif_3,motif_4","['motif_3', 'motif_4']"
512,2,0,0,1,1,0,0,"motif_3,motif_4","['motif_3', 'motif_4']"
513,2,0,0,1,1,0,0,"motif_3,motif_4","['motif_3', 'motif_4']"
514,2,0,0,1,1,0,0,"motif_3,motif_4","['motif_3', 'motif_4']"
515,2,0,0,1,1,0,0,"motif_3,motif_4","['motif_3', 'motif_4']"
516,2,0,0,1,1,0,0,"motif_3,motif_4","['motif_3', 'motif_4']"
517,2,0,0,1,1,0,0,"motif_3,motif_4","['motif_3', 'motif_4']"
518,2,0,0,1,1,0,0,"motif_3,motif_4","['motif_3', 'motif_4']"
519,2,0,0,1,1,0,0,"motif_3,motif_4","['motif_3', 'motif_4']"
520,2,0,0,1,1,0,0,"motif_3,motif_4","['motif_3', 'motif_4']"
521,2,0,0,1,1,0,0,"motif_3,motif_4","['motif_3', 'motif_4']"
522,2,0,0,1,1,0,0,"motif_3,motif_4","['motif_3', 'motif_4']"
523,2,0,0,1,1,0,0,"motif_3,motif_4","['motif_3', 'motif_4']"
524,2,0,0,1,1,0,0,"motif_3,motif_4","['motif_3', 'motif_4']"
525,2,0,0,1,1,0,0,"motif_3,motif_4","['motif_3', 'motif_4']"
526,2,0,0,1,1,0,0,"motif_3,motif_4","['motif_3', 'motif_4']"
527,2,0,0,1,1,0,0,"motif_3,motif_4","['motif_3', 'motif_4']"
528,2,0,0,1,1,0,0,"motif_3,motif_4","['motif_3', 'motif_4']"
529,2,0,0,1,1,0,0,"motif_3,motif_4","['motif_3', 'motif_4']"
530,2,0,0,1,1,0,0,"motif_3,motif_4","['motif_3', 'motif_4']"
531,2,0,0,1,1,0,0,"motif_3,motif_4","['motif_3', 'motif_4']"
532,2,0,0,1,1,0,0,"motif_3,motif_4","['motif_3', 'motif_4']"
533,2,0,0,1,1,0,0,"motif_3,motif_4","['motif_3', 'motif_4']"
534,2,0,0,1,1,0,0,"motif_3,motif_4","['motif_3', 'motif_4']"
535,2,0,0,1,1,0,0,"motif_3,motif_4","['motif_3', 'motif_4']"
536,2,0,0,1,1,0,0,"motif_3,motif_4","['motif_3', 'motif_4']"
537,2,0,0,1,1,0,0,"motif_3,motif_4","['motif_3', 'motif_4']"
538,2,0,0,1,1,0,0,"motif_3,motif_4","['motif_3', 'motif_4']"
539,2,0,0,1,1,0,0,"motif_3,motif_4","['motif_3', 'motif_4']"
540,2,0,0,1,1,0,0,"motif_3,motif_4","['motif_3', 'motif_4']"
541,2,0,0,1,1,0,0,"motif_3,motif_4","['motif_3', 'motif_4']"
542,2,0,0,1,1,0,0,"motif_3,motif_4","['motif_3', 'motif_4']"
543,2,0,0,1,1,0,0,"motif_3,motif_4","['motif_3', 'motif_4']"
544,2,0,0,1,1,0,0,"motif_3,motif_4","['motif_3', 'motif_4']"
545,2,0,0,1,1,0,0,"motif_3,motif_4","['motif_3', 'motif_4']"
546,2,0,0,1,1,0,0,"motif_3,motif_4","['motif_3', 'motif_4']"
547,2,0,0,1,1,0,0,"motif_3,motif_4","['motif_3', 'motif_4']"
548,2,0,0,1,1,0,0,"motif_3,motif_4","['motif_3', 'motif_4']"
549,2,0,0,1,1,0,0,"motif_3,motif_4","['motif_3', 'motif_4']"
550,2,0,0,1,1,0,0,"motif_3,motif_4","['motif_3', 'motif_4']"
551,2,0,0,1,1,0,0,"motif_3,motif_4","['motif_3', 'motif_4']"
552,2,0,0,1,1,0,0,"motif_3,motif_4","['motif_3', 'motif_4']"
553,2,0,0,1,1,0,0,"motif_3,motif_4","['motif_3', 'motif_4']"
554,2,0,0,1,1,0,0,"motif_3,motif_4","['motif_3', 'motif_4']"
555,2,0,0,1,1,0,0,"motif_3,motif_4","['motif_3', 'motif_4']"
556,2,0,0,1,1,0,0,"motif_3,motif_4","['motif_3', 'motif_4']"
557,2,0,0,1,1,0,0,"motif_3,motif_4","['motif_3', 'motif_4']"
558,2,0,0,1,1,0,0,"motif_3,motif_4","['motif_3', 'motif_4']"
559,2,0,0,1,1,0,0,"motif_3,motif_4","['motif_3', 'motif_4']"
560,2,0,0,1,1,0,0,"motif_3,motif_4","['motif_3', 'motif_4']"
561,2,0,0,1,1,0,0,"motif_3,motif_4","['motif_3', 'motif_4']"
562,2,0,0,1,1,0,0,"motif_3,motif_4","['motif_3', 'motif_4']"
563,2,0,0,1,1,0,0,"motif_3,motif_4","['motif_3', 'motif_4']"
564,2,0,0,1,1,0,0,"motif_3,motif_4","['motif_3', 'motif_4']"
565,2,0,0,1,1,0,0,"motif_3,motif_4","['motif_3', 'motif_4']"
566,2,0,0,1,1,0,0,"motif_3,motif_4","['motif_3', 'motif_4']"
567,2,0,0,1,1,0,0,"motif_3,motif_4","['motif_3', 'motif_4']"
568,2,0,0,1,1,0,0,"motif_3,motif_4","['motif_3', 'motif_4']"
569,2,0,0,1,1,0,0,"motif_3,motif_4","['motif_3', 'motif_4']"
570,2,0,0,1,1,0,0,"motif_3,motif_4","['motif_3', 'motif_4']"
571,2,0,0,1,1,0,0,"motif_3,motif_4","['motif_3', 'motif_4']"
572,2,0,0,1,1,0,0,"motif_3,motif_4","['motif_3', 'motif_4']"
573,2,0,0,1,1,0,0,"motif_3,motif_4","['motif_3', 'motif_4']"
574,2,0,0,1,1,0,0,"motif_3,motif_4","['motif_3', 'motif_4']"
575,2,0,0,1,1,0,0,"motif_3,motif_4","['motif_3', 'motif_4']"
576,2,0,0,1,1,0,0,"motif_3,motif_4","['motif_3', 'motif_4']"
577,2,0,0,1,1,0,0,"motif_3,motif_4","['motif_3', 'motif_4']"
578,2,0,0,1,1,0,0,"motif_3,motif_4","['motif_3', 'motif_4']"
579,2,0,0,1,1,0,0,"motif_3,motif_4","['motif_3', 'motif_4']"
580,2,0,0,1,1,0,0,"motif_3,motif_4","['motif_3', 'motif_4']"
581,2,0,0,1,1,0,0,"motif_3,motif_4","['motif_3', 'motif_4']"
582,2,0,0,1,1,0,0,"motif_3,motif_4","['motif_3', 'motif_4']"
583,2,0,0,1,1,0,0,"motif_3,motif_4","['motif_3', 'motif_4']"
584,2,0,0,1,1,0,0,"motif_3,motif_4","['motif_3', 'motif_4']"
585,2,0,0,1,1,0,0,"motif_3,motif_4","['motif_3', 'motif_4']"
586,2,0,0,1,1,0,0,"motif_3,motif_4","['motif_3', 'motif_4']"
587,2,0,0,1,1,0,0,"motif_3,motif_4","['motif_3', 'motif_4']"
588,2,0,0,1,1,0,0,"motif_3,motif_4","['motif_3', 'motif_4']"
589,2,0,0,1,1,0,0,"motif_3,motif_4","['motif_3', 'motif_4']"
590,2,0,0,1,1,0,0,"motif_3,motif_4","['motif_3', 'motif_4']"
591,2,0,0,1,1,0,0,"motif_3,motif_4","['motif_3', 'motif_4']"
592,2,0,0,1,1,0,0,"motif_3,motif_4","['motif_3', 'motif_4']"
593,2,0,0,1,1,0,0,"motif_3,motif_4","['motif_3', 'motif_4']"
594,2,0,0,1,1,0,0,"motif_3,motif_4","['motif_3', 'motif_4']"
595,2,0,0,1,1,0,0,"motif_3,motif_4","['motif_3', 'motif_4']"
596,2,0,0,1,1,0,0,"motif_3,motif_4","['motif_3', 'motif_4']"
597,2,0,0,1,1,0,0,"motif_3,motif_4","['motif_3', 'motif_4']"
598,2,0,0,1,1,0,0,"motif_3,motif_4","['motif_3', 'motif_4']"
599,2,0,0,1,1,0,0,"motif_3,motif_4","['motif_3', 'motif_4']"
600,2,0,0,1,1,0,0,"motif_3,motif_4","['motif_3', 'motif_4']"
601,2,0,0,1,1,0,0,"motif_3,motif_4","['motif_3', 'motif_4']"
602,2,0,0,1,1,0,0,"motif_3,motif_4","['motif_3', 'motif_4']"
603,2,0,0,1,1,0,0,"motif_3,motif_4","['motif_3', 'motif_4']"
604,2,0,0,1,1,0,0,"motif_3,motif_4","['motif_3', 'motif_4']"
605,2,0,0,1,1,0,0,"motif_3,motif_4","['motif_3', 'motif_4']"
606,2,0,0,1,1,0,0,"motif_3,motif_4","['motif_3', 'motif_4']"
607,2,0,0,1,1,0,0,"motif_3,motif_4","['motif_3', 'motif_4']"
608,2,0,0,1,1,0,0,"motif_3,motif_4","['motif_3', 'motif_4']"
609,2,0,0,1,1,0,0,"motif_3,motif_4","['motif_3', 'motif_4']"
610,2,0,0,1,1,0,0,"motif_3,motif_4","['motif_3', 'motif_4']"
611,2,0,0,1,1,0,0,"motif_3,motif_4","['motif_3', 'motif_4']"
612,2,0,0,1,1,0,0,"motif_3,motif_4","['motif_3', 'motif_4']"
613,2,0,0,1,1,0,0,"motif_3,motif_4","['motif_3', 'motif_4']"
614,2,0,0,1,1,0,0,"motif_3,motif_4","['motif_3', 'motif_4']"
615,2,0,0,1,1,0,0,"motif_3,motif_4","['motif_3', 'motif_4']"
616,2,0,0,1,1,0,0,"motif_3,motif_4","['motif_3', 'motif_4']"
617,2,0,0,1,1,0,0,"motif_3,motif_4","['motif_3', 'motif_4']"
618,2,0,0,1,1,0,0,"motif_3,motif_4","['motif_3', 'motif_4']"
619,2,0,0,1,1,0,0,"motif_3,motif_4","['motif_3', 'motif_4']"
620,2,0,0,1,1,0,0,"motif_3,motif_4","['motif_3', 'motif_4']"
621,2,0,0,1,1,0,0,"motif_3,motif_4","['motif_3', 'motif_4']"
622,2,0,0,1,1,0,0,"motif_3,motif_4","['motif_3', 'motif_4']"
623,2,0,0,1,1,0,0,"motif_3,motif_4","['motif_3', 'motif_4']"
624,2,0,0,1,1,0,0,"motif_3,motif_4","['motif_3', 'motif_4']"
625,2,0,0,1,1,0,0,"motif_3,motif_4","['motif_3', 'motif_4']"
626,2,0,0,1,1,0,0,"motif_3,motif_4","['motif_3', 'motif_4']"
627,2,0,0,1,1,0,0,"motif_3,motif_4","['motif_3', 'motif_4']"
628,2,0,0,1,1,0,0,"motif_3,motif_4","['motif_3', 'motif_4']"
629,2,0,0,1,1,0,0,"motif_3,motif_4","['motif_3', 'motif_4']"
630,2,0,0,1,1,0,0,"motif_3,motif_4","['motif_3', 'motif_4']"
631,2,0,0,1,1,0,0,"motif_3,motif_4","['motif_3', 'motif_4']"
632,2,0,0,1,1,0,0,"motif_3,motif_4","['motif_3', 'motif_4']"
633,2,0,0,1,1,0,0,"motif_3,motif_4","['motif_3', 'motif_4']"
634,2,0,0,1,1,0,0,"motif_3,motif_4","['motif_3', 'motif_4']"
635,2,0,0,1,1,0,0,"motif_3,motif_4","['motif_3', 'motif_4']"
636,2,0,0,1,1,0,0,"motif_3,motif_4","['motif_3', 'motif_4']"
637,2,0,0,1,1,0,0,"motif_3,motif_4","['motif_3', 'motif_4']"
638,2,0,0,1,1,0,0,"motif_3,motif_4","['motif_3', 'motif_4']"
639,2,0,0,1,1,0,0,"motif_3,motif_4","['motif_3', 'motif_4']"
640,2,0,0,1,1,0,0,"motif_3,motif_4","['motif_3', 'motif_4']"
641,2,0,0,1,1,0,0,"motif_3,motif_4","['motif_3', 'motif_4']"
642,2,0,0,1,1,0,0,"motif_3,motif_4","['motif_3', 'motif_4']"
643,2,0,0,1,1,0,0,"motif_3,motif_4","['motif_3', 'motif_4']"
644,2,0,0,1,1,0,0,"motif_3,motif_4","['motif_3', 'motif_4']"
645,2,0,0,1,1,0,0,"motif_3,motif_4","['motif_3', 'motif_4']"
646,2,0,0,1,1,0,0,"motif_3,motif_4","['motif_3', 'motif_4']"
647,2,0,0,1,1,0,0,"motif_3,motif_4","['motif_3', 'motif_4']"
648,2,0,0,1,1,0,0,"motif_3,motif_4","['motif_3', 'motif_4']"
649,2,0,0,1,1,0,0,"motif_3,motif_4","['motif_3', 'motif_4']"
650,2,0,0,1,1,0,0,"motif_3,motif_4","['motif_3', 'motif_4']"
651,2,0,0,1,1,0,0,"motif_3,motif_4","['motif_3', 'motif_4']"
652,2,0,0,1,1,0,0,"motif_3,motif_4","['motif_3', 'motif_4']"
653,2,0,0,1,1,0,0,"motif_3,motif_4","['motif_3', 'motif_4']"
654,2,0,0,1,1,0,0,"motif_3,motif_4","['motif_3', 'motif_4']"
655,2,0,0,1,1,0,0,"motif_3,motif_4","['motif_3', 'motif_4']"
656,2,0,0,1,1,0,0,"motif_3,motif_4","['motif_3', 'motif_4']"
657,2,0,0,1,1,0,0,"motif_3,motif_4","['motif_3', 'motif_4']"
658,2,0,0,1,1,0,0,"motif_3,motif_4","['motif_3', 'motif_4']"
659,2,0,0,1,1,0,0,"motif_3,motif_4","['motif_3', 'motif_4']"
660,2,0,0,1,1,0,0,"motif_3,motif_4","['motif_3', 'motif_4']"
661,2,0,0,1,1,0,0,"motif_3,motif_4","['motif_3', 'motif_4']"
662,2,0,0,1,1,0,0,"motif_3,motif_4","['motif_3', 'motif_4']"
663,2,0,0,1,1,0,0,"motif_3,motif_4","['motif_3', 'motif_4']"
664,2,0,0,1,1,0,0,"motif_3,motif_4","['motif_3', 'motif_4']"
665,2,0,0,1,1,0,0,"motif_3,motif_4","['motif_3', 'motif_4']"
666,2,0,0,1,1,0,0,"motif_3,motif_4","['motif_3', 'motif_4']"
667,2,0,0,1,1,0,0,"motif_3,motif_4","['motif_3', 'motif_4']"
668,2,0,0,1,1,0,0,"motif_3,motif_4","['motif_3', 'motif_4']"
669,2,0,0,1,1,0,0,"motif_3,motif_4","['motif_3', 'motif_4']"
670,2,0,0,1,1,0,0,"motif_3,motif_4","['motif_3', 'motif_4']"
671,2,0,0,1,1,0,0,"motif_3,motif_4","['motif_3', 'motif_4']"
672,2,0,0,1,1,0,0,"motif_3,motif_4","['motif_3', 'motif_4']"
673,2,0,0,1,1,0,0,"motif_3,motif_4","['motif_3', 'motif_4']"
674,2,0,0,1,1,0,0,"motif_3,motif_4","['motif_3', 'motif_4']"
675,2,0,0,1,1,0,0,"motif_3,motif_4","['motif_3', 'motif_4']"
676,2,0,0,1,1,0,0,"motif_3,motif_4","['motif_3', 'motif_4']"
677,2,0,0,1,1,0,0,"motif_3,motif_4","['motif_3', 'motif_4']"
678,2,0,0,1,1,0,0,"motif_3,motif_4","['motif_3', 'motif_4']"
679,2,0,0,1,1,0,0,"motif_3,motif_4","['motif_3', 'motif_4']"
680,2,0,0,1,1,0,0,"motif_3,motif_4","['motif_3', 'motif_4']"
681,2,0,0,1,1,0,0,"motif_3,motif_4","['motif_3', 'motif_4']"
682,2,0,0,1,1,0,0,"motif_3,motif_4","['motif_3', 'motif_4']"
683,2,0,0,1,1,0,0,"motif_3,motif_4","['motif_3', 'motif_4']"
684,2,0,0,1,1,0,0,"motif_3,motif_4","['motif_3', 'motif_4']"
685,2,0,0,1,1,0,0,"motif_3,motif_4","['motif_3', 'motif_4']"
686,2,0,0,1,1,0,0,"motif_3,motif_4","['motif_3', 'motif_4']"
687,2,0,0,1,1,0,0,"motif_3,motif_4","['motif_3', 'motif_4']"
688,2,0,0,1,1,0,0,"motif_3,motif_4","['motif_3', 'motif_4']"
689,2,0,0,1,1,0,0,"motif_3,motif_4","['motif_3', 'motif_4']"
690,2,0,0,1,1,0,0,"motif_3,motif_4","['motif_3', 'motif_4']"
691,2,0,0,1,1,0,0,"motif_3,motif_4","['motif_3', 'motif_4']"
692,2,0,0,1,1,0,0,"motif_3,motif_4","['motif_3', 'motif_4']"
693,2,0,0,1,1,0,0,"motif_3,motif_4","['motif_3', 'motif_4']"
694,2,0,0,1,1,0,0,"motif_3,motif_4","['motif_3', 'motif_4']"
695,2,0,0,1,1,0,0,"motif_3,motif_4","['motif_3', 'motif_4']"
696,2,0,0,1,1,0,0,"motif_3,motif_4","['motif_3', 'motif_4']"
697,2,0,0,1,1,0,0,"motif_3,motif_4","['motif_3', 'motif_4']"
698,2,0,0,1,1,0,0,"motif_3,motif_4","['motif_3', 'motif_4']"
699,2,0,0,1,1,0,0,"motif_3,motif_4","['motif_3', 'motif_4']"
700,2,0,0,1,1,0,0,"motif_3,motif_4","['motif_3', 'motif_4']"
701,2,0,0,1,1,0,0,"motif_3,motif_4","['motif_3', 'motif_4']"
702,2,0,0,1,1,0,0,"motif_3,motif_4","['motif_3', 'motif_4']"
703,2,0,0,1,1,0,0,"motif_3,motif_4","['motif_3', 'motif_4']"
704,2,0,0,1,1,0,0,"motif_3,motif_4","['motif_3', 'motif_4']"
705,2,0,0,1,1,0,0,"motif_3,motif_4","['motif_3', 'motif_4']"
706,2,0,0,1,1,0,0,"motif_3,motif_4","['motif_3', 'motif_4']"
707,2,0,0,1,1,0,0,"motif_3,motif_4","['motif_3', 'motif_4']"
708,2,0,0,1,1,0,0,"motif_3,motif_4","['motif_3', 'motif_4']"
709,2,0,0,1,1,0,0,"motif_3,motif_4","['motif_3', 'motif_4']"
710,2,0,0,1,1,0,0,"motif_3,motif_4","['motif_3', 'motif_4']"
711,2,0,0,1,1,0,0,"motif_3,motif_4","['motif_3', 'motif_4']"
712,2,0,0,1,1,0,0,"motif_3,motif_4","['motif_3', 'motif_4']"
713,2,0,0,1,1,0,0,"motif_3,motif_4","['motif_3', 'motif_4']"
714,2,0,0,1,1,0,0,"motif_3,motif_4","['motif_3', 'motif_4']"
715,2,0,0,1,1,0,0,"motif_3,motif_4","['motif_3', 'motif_4']"
716,2,0,0,1,1,0,0,"motif_3,motif_4","['motif_3', 'motif_4']"
717,2,0,0,1,1,0,0,"motif_3,motif_4","['motif_3', 'motif_4']"
718,2,0,0,1,1,0,0,"motif_3,motif_4","['motif_3', 'motif_4']"
719,2,0,0,1,1,0,0,"motif_3,motif_4","['motif_3', 'motif_4']"
720,2,0,0,1,1,0,0,"motif_3,motif_4","['motif_3', 'motif_4']"
721,2,0,0,1,1,0,0,"motif_3,motif_4","['motif_3', 'motif_4']"
722,2,0,0,1,1,0,0,"motif_3,motif_4","['motif_3', 'motif_4']"
723,2,0,0,1,1,0,0,"motif_3,motif_4","['motif_3', 'motif_4']"
724,2,0,0,1,1,0,0,"motif_3,motif_4","['motif_3', 'motif_4']"
725,2,0,0,1,1,0,0,"motif_3,motif_4","['motif_3', 'motif_4']"
726,2,0,0,1,1,0,0,"motif_3,motif_4","['motif_3', 'motif_4']"
727,2,0,0,1,1,0,0,"motif_3,motif_4","['motif_3', 'motif_4']"
728,2,0,0,1,1,0,0,"motif_3,motif_4","['motif_3', 'motif_4']"
729,2,0,0,1,1,0,0,"motif_3,motif_4","['motif_3', 'motif_4']"
730,2,0,0,1,1,0,0,"motif_3,motif_4","['motif_3', 'motif_4']"
731,2,0,0,1,1,0,0,"motif_3,motif_4","['motif_3', 'motif_4']"
732,2,0,0,1,1,0,0,"motif_3,motif_4","['motif_3', 'motif_4']"
733,2,0,0,1,1,0,0,"motif_3,motif_4","['motif_3', 'motif_4']"
734,2,0,0,1,1,0,0,"motif_3,motif_4","['motif_3', 'motif_4']"
735,2,0,0,1,1,0,0,"motif_3,motif_4","['motif_3', 'motif_4']"
736,2,0,0,1,1,0,0,"motif_3,motif_4","['motif_3', 'motif_4']"
737,2,0,0,1,1,0,0,"motif_3,motif_4","['motif_3', 'motif_4']"
738,2,0,0,1,1,0,0,"motif_3,motif_4","['motif_3', 'motif_4']"
739,2,0,0,1,1,0,0,"motif_3,motif_4","['motif_3', 'motif_4']"
740,2,0,0,1,1,0,0,"motif_3,motif_4","['motif_3', 'motif_4']"
741,2,0,0,1,1,0,0,"motif_3,motif_4","['motif_3', 'motif_4']"
742,2,0,0,1,1,0,0,"motif_3,motif_4","['motif_3', 'motif_4']"
743,2,0,0,1,1,0,0,"motif_3,motif_4","['motif_3', 'motif_4']"
744,2,0,0,1,1,0,0,"motif_3,motif_4","['motif_3', 'motif_4']"
745,2,0,0,1,1,0,0,"motif_3,motif_4","['motif_3', 'motif_4']"
746,2,0,0,1,1,0,0,"motif_3,motif_4","['motif_3', 'motif_4']"
747,2,0,0,1,1,0,0,"motif_3,motif_4","['motif_3', 'motif_4']"
748,2,0,0,1,1,0,0,"motif_3,motif_4","['motif_3', 'motif_4']"
749,2,0,0,1,1,0,0,"motif_3,motif_4","['motif_3', 'motif_4']"
750,2,0,0,1,1,0,0,"motif_3,motif_4","['motif_3', 'motif_4']"
751,2,0,0,1,1,0,0,"motif_3,motif_4","['motif_3', 'motif_4']"
752,2,0,0,1,1,0,0,"motif_3,motif_4","['motif_3', 'motif_4']"
753,2,0,0,1,1,0,0,"motif_3,motif_4","['motif_3', 'motif_4']"
754,2,0,0,1,1,0,0,"motif_3,motif_4","['motif_3', 'motif_4']"
755,2,0,0,1,1,0,0,"motif_3,motif_4","['motif_3', 'motif_4']"
756,2,0,0,1,1,0,0,"motif_3,motif_4","['motif_3', 'motif_4']"
757,2,0,0,1,1,0,0,"motif_3,motif_4","['motif_3', 'motif_4']"
758,2,0,0,1,1,0,0,"motif_3,motif_4","['motif_3', 'motif_4']"
759,2,0,0,1,1,0,0,"motif_3,motif_4","['motif_3', 'motif_4']"
760,2,0,0,1,1,0,0,"motif_3,motif_4","['motif_3', 'motif_4']"
761,2,0,0,1,1,0,0,"motif_3,motif_4","['motif_3', 'motif_4']"
762,2,0,0,1,1,0,0,"motif_3,motif_4","['motif_3', 'motif_4']"
763,2,0,0,1,1,0,0,"motif_3,motif_4","['motif_3', 'motif_4']"
764,2,0,0,1,1,0,0,"motif_3,motif_4","['motif_3', 'motif_4']"
765,2,0,0,1,1,0,0,"motif_3,motif_4","['motif_3', 'motif_4']"
766,2,0,0,1,1,0,0,"motif_3,motif_4","['motif_3', 'motif_4']"
767,2,0,0,1,1,0,0,"motif_3,motif_4","['motif_3', 'motif_4']"
768,2,0,0,1,1,0,0,"motif_3,motif_4","['motif_3', 'motif_4']"
769,2,0,0,1,1,0,0,"motif_3,motif_4","['motif_3', 'motif_4']"
770,2,0,0,1,1,0,0,"motif_3,motif_4","['motif_3', 'motif_4']"
771,2,0,0,1,1,0,0,"motif_3,motif_4","['motif_3', 'motif_4']"
772,2,0,0,1,1,0,0,"motif_3,motif_4","['motif_3', 'motif_4']"
773,2,0,0,1,1,0,0,"motif_3,motif_4","['motif_3', 'motif_4']"
774,2,0,0,1,1,0,0,"motif_3,motif_4","['motif_3', 'motif_4']"
775,2,0,0,1,1,0,0,"motif_3,motif_4","['motif_3', 'motif_4']"
776,2,0,0,1,1,0,0,"motif_3,motif_4","['motif_3', 'motif_4']"
777,2,0,0,1,1,0,0,"motif_3,motif_4","['motif_3', 'motif_4']"
778,2,0,0,1,1,0,0,"motif_3,motif_4","['motif_3', 'motif_4']"
779,2,0,0,1,1,0,0,"motif_3,motif_4","['motif_3', 'motif_4']"
780,2,0,0,1,1,0,0,"motif_3,motif_4","['motif_3', 'motif_4']"
781,2,0,0,1,1,0,0,"motif_3,motif_4","['motif_3', 'motif_4']"
782,2,0,0,1,1,0,0,"motif_3,motif_4","['motif_3', 'motif_4']"
783,2,0,0,1,1,0,0,"motif_3,motif_4","['motif_3', 'motif_4']"
784,2,0,0,1,1,0,0,"motif_3,motif_4","['motif_3', 'motif_4']"
785,2,0,0,1,1,0,0,"motif_3,motif_4","['motif_3', 'motif_4']"
786,2,0,0,1,1,0,0,"motif_3,motif_4","['motif_3', 'motif_4']"
787,2,0,0,1,1,0,0,"motif_3,motif_4","['motif_3', 'motif_4']"
788,2,0,0,1,1,0,0,"motif_3,motif_4","['motif_3', 'motif_4']"
789,2,0,0,1,1,0,0,"motif_3,motif_4","['motif_3', 'motif_4']"
790,2,0,0,1,1,0,0,"motif_3,motif_4","['motif_3', 'motif_4']"
791,2,0,0,1,1,0,0,"motif_3,motif_4","['motif_3', 'motif_4']"
792,2,0,0,1,1,0,0,"motif_3,motif_4","['motif_3', 'motif_4']"
793,2,0,0,1,1,0,0,"motif_3,motif_4","['motif_3', 'motif_4']"
794,2,0,0,1,1,0,0,"motif_3,motif_4","['motif_3', 'motif_4']"
795,2,0,0,1,1,0,0,"motif_3,motif_4","['motif_3', 'motif_4']"
796,2,0,0,1,1,0,0,"motif_3,motif_4","['motif_3', 'motif_4']"
797,2,0,0,1,1,0,0,"motif_3,motif_4","['motif_3', 'motif_4']"
798,2,0,0,1,1,0,0,"motif_3,motif_4","['motif_3', 'motif_4']"
799,2,0,0,1,1,0,0,"motif_3,motif_4","['motif_3', 'motif_4']"
800,2,0,0,1,1,0,0,"motif_3,motif_4","['motif_3', 'motif_4']"
801,2,0,0,1,1,0,0,"motif_3,motif_4","['motif_3', 'motif_4']"
802,2,0,0,1,1,0,0,"motif_3,motif_4","['motif_3', 'motif_4']"
803,2,0,0,1,1,0,0,"motif_3,motif_4","['motif_3', 'motif_4']"
804,2,0,0,1,1,0,0,"motif_3,motif_4","['motif_3', 'motif_4']"
805,2,0,0,1,1,0,0,"motif_3,motif_4","['motif_3', 'motif_4']"
806,2,0,0,1,1,0,0,"motif_3,motif_4","['motif_3', 'motif_4']"
807,2,0,0,1,1,0,0,"motif_3,motif_4","['motif_3', 'motif_4']"
808,2,0,0,1,1,0,0,"motif_3,motif_4","['motif_3', 'motif_4']"
809,2,0,0,1,1,0,0,"motif_3,motif_4","['motif_3', 'motif_4']"
810,2,0,0,1,1,0,0,"motif_3,motif_4","['motif_3', 'motif_4']"
811,2,0,0,1,1,0,0,"motif_3,motif_4","['motif_3', 'motif_4']"
812,2,0,0,1,1,0,0,"motif_3,motif_4","['motif_3', 'motif_4']"
813,2,0,0,1,1,0,0,"motif_3,motif_4","['motif_3', 'motif_4']"
814,2,0,0,1,1,0,0,"motif_3,motif_4","['motif_3', 'motif_4']"
815,2,0,0,1,1,0,0,"motif_3,motif_4","['motif_3', 'motif_4']"
816,2,0,0,1,1,0,0,"motif_3,motif_4","['motif_3', 'motif_4']"
817,2,0,0,1,1,0,0,"motif_3,motif_4","['motif_3', 'motif_4']"
818,2,0,0,1,1,0,0,"motif_3,motif_4","['motif_3', 'motif_4']"
819,2,0,0,1,1,0,0,"motif_3,motif_4","['motif_3', 'motif_4']"
820,2,0,0,1,1,0,0,"motif_3,motif_4","['motif_3', 'motif_4']"
821,2,0,0,1,1,0,0,"motif_3,motif_4","['motif_3', 'motif_4']"
822,2,0,0,1,1,0,0,"motif_3,motif_4","['motif_3', 'motif_4']"
823,2,0,0,1,1,0,0,"motif_3,motif_4","['motif_3', 'motif_4']"
824,2,0,0,1,1,0,0,"motif_3,motif_4","['motif_3', 'motif_4']"
825,2,0,0,1,1,0,0,"motif_3,motif_4","['motif_3', 'motif_4']"
826,2,0,0,1,1,0,0,"motif_3,motif_4","['motif_3', 'motif_4']"
827,2,0,0,1,1,0,0,"motif_3,motif_4","['motif_3', 'motif_4']"
828,2,0,0,1,1,0,0,"motif_3,motif_4","['motif_3', 'motif_4']"
829,2,0,0,1,1,0,0,"motif_3,motif_4","['motif_3', 'motif_4']"
830,2,0,0,1,1,0,0,"motif_3,motif_4","['motif_3', 'motif_4']"
831,2,0,0,1,1,0,0,"motif_3,motif_4","['motif_3', 'motif_4']"
832,2,0,0,1,1,0,0,"motif_3,motif_4","['motif_3', 'motif_4']"
833,2,0,0,1,1,0,0,"motif_3,motif_4","['motif_3', 'motif_4']"
834,2,0,0,1,1,0,0,"motif_3,motif_4","['motif_3', 'motif_4']"
835,2,0,0,1,1,0,0,"motif_3,motif_4","['motif_3', 'motif_4']"
836,2,0,0,1,1,0,0,"motif_3,motif_4","['motif_3', 'motif_4']"
837,2,0,0,1,1,0,0,"motif_3,motif_4","['motif_3', 'motif_4']"
838,2,0,0,1,1,0,0,"motif_3,motif_4","['motif_3', 'motif_4']"
839,2,0,0,1,1,0,0,"motif_3,motif_4","['motif_3', 'motif_4']"
840,2,0,0,1,1,0,0,"motif_3,motif_4","['motif_3', 'motif_4']"
841,2,0,0,1,1,0,0,"motif_3,motif_4","['motif_3', 'motif_4']"
842,2,0,0,1,1,0,0,"motif_3,motif_4","['motif_3', 'motif_4']"
843,2,0,0,1,1,0,0,"motif_3,motif_4","['motif_3', 'motif_4']"
844,2,0,0,1,1,0,0,"motif_3,motif_4","['motif_3', 'motif_4']"
845,2,0,0,1,1,0,0,"motif_3,motif_4","['motif_3', 'motif_4']"
846,2,0,0,1,1,0,0,"motif_3,motif_4","['motif_3', 'motif_4']"
847,2,0,0,1,1,0,0,"motif_3,motif_4","['motif_3', 'motif_4']"
848,2,0,0,1,1,0,0,"motif_3,motif_4","['motif_3', 'motif_4']"
849,2,0,0,1,1,0,0,"motif_3,motif_4","['motif_3', 'motif_4']"
850,2,0,0,1,1,0,0,"motif_3,motif_4","['motif_3', 'motif_4']"
851,2,0,0,1,1,0,0,"motif_3,motif_4","['motif_3', 'motif_4']"
852,2,0,0,1,1,0,0,"motif_3,motif_4","['motif_3', 'motif_4']"
853,2,0,0,1,1,0,0,"motif_3,motif_4","['motif_3', 'motif_4']"
854,2,0,0,1,1,0,0,"motif_3,motif_4","['motif_3', 'motif_4']"
855,2,0,0,1,1,0,0,"motif_3,motif_4","['motif_3', 'motif_4']"
856,2,0,0,1,1,0,0,"motif_3,motif_4","['motif_3', 'motif_4']"
857,2,0,0,1,1,0,0,"motif_3,motif_4","['motif_3', 'motif_4']"
858,2,0,0,1,1,0,0,"motif_3,motif_4","['motif_3', 'motif_4']"
859,2,0,0,1,1,0,0,"motif_3,motif_4","['motif_3', 'motif_4']"
860,2,0,0,1,1,0,0,"motif_3,motif_4","['motif_3', 'motif_4']"
861,2,0,0,1,1,0,0,"motif_3,motif_4","['motif_3', 'motif_4']"
862,2,0,0,1,1,0,0,"motif_3,motif_4","['motif_3', 'motif_4']"
863,2,0,0,1,1,0,0,"motif_3,motif_4","['motif_3', 'motif_4']"
864,2,0,0,1,1,0,0,"motif_3,motif_4","['motif_3', 'motif_4']"
865,2,0,0,1,1,0,0,"motif_3,motif_4","['motif_3', 'motif_4']"
866,2,0,0,1,1,0,0,"motif_3,motif_4","['motif_3', 'motif_4']"
867,2,0,0,1,1,0,0,"motif_3,motif_4","['motif_3', 'motif_4']"
868,2,0,0,1,1,0,0,"motif_3,motif_4","['motif_3', 'motif_4']"
869,2,0,0,1,1,0,0,"motif_3,motif_4","['motif_3', 'motif_4']"
870,2,0,0,1,1,0,0,"motif_3,motif_4","['motif_3', 'motif_4']"
871,2,0,0,1,1,0,0,"motif_3,motif_4","['motif_3', 'motif_4']"
872,2,0,0,1,1,0,0,"motif_3,motif_4","['motif_3', 'motif_4']"
873,2,0,0,1,1,0,0,"motif_3,motif_4","['motif_3', 'motif_4']"
874,2,0,0,1,1,0,0,"motif_3,motif_4","['motif_3', 'motif_4']"
875,2,0,0,1,1,0,0,"motif_3,motif_4","['motif_3', 'motif_4']"
876,2,0,0,1,1,0,0,"motif_3,motif_4","['motif_3', 'motif_4']"
877,2,0,0,1,1,0,0,"motif_3,motif_4","['motif_3', 'motif_4']"
878,2,0,0,1,1,0,0,"motif_3,motif_4","['motif_3', 'motif_4']"
879,2,0,0,1,1,0,0,"motif_3,motif_4","['motif_3', 'motif_4']"
880,2,0,0,1,1,0,0,"motif_3,motif_4","['motif_3', 'motif_4']"
881,2,0,0,1,1,0,0,"motif_3,motif_4","['motif_3', 'motif_4']"
882,2,0,0,1,1,0,0,"motif_3,motif_4","['motif_3', 'motif_4']"
883,2,0,0,1,1,0,0,"motif_3,motif_4","['motif_3', 'motif_4']"
884,2,0,0,1,1,0,0,"motif_3,motif_4","['motif_3', 'motif_4']"
885,2,0,0,1,1,0,0,"motif_3,motif_4","['motif_3', 'motif_4']"
886,2,0,0,1,1,0,0,"motif_3,motif_4","['motif_3', 'motif_4']"
887,2,0,0,1,1,0,0,"motif_3,motif_4","['motif_3', 'motif_4']"
888,2,0,0,1,1,0,0,"motif_3,motif_4","['motif_3', 'motif_4']"
889,2,0,0,1,1,0,0,"motif_3,motif_4","['motif_3', 'motif_4']"
890,2,0,0,1,1,0,0,"motif_3,motif_4","['motif_3', 'motif_4']"
891,2,0,0,1,1,0,0,"motif_3,motif_4","['motif_3', 'motif_4']"
892,2,0,0,1,1,0,0,"motif_3,motif_4","['motif_3', 'motif_4']"
893,2,0,0,1,1,0,0,"motif_3,motif_4","['motif_3', 'motif_4']"
894,2,0,0,1,1,0,0,"motif_3,motif_4","['motif_3', 'motif_4']"
895,2,0,0,1,1,0,0,"motif_3,motif_4","['motif_3', 'motif_4']"
896,2,0,0,1,1,0,0,"motif_3,motif_4","['motif_3', 'motif_4']"
897,2,0,0,1,1,0,0,"motif_3,motif_4","['motif_3', 'motif_4']"
898,2,0,0,1,1,0,0,"motif_3,motif_4","['motif_3', 'motif_4']"
899,2,0,0,1,1,0,0,"motif_3,motif_4","['motif_3', 'motif_4']"
900,3,0,0,0,0,1,1,"motif_5,motif_6","['motif_5', 'motif_6']"
901,3,0,0,0,0,1,1,"motif_5,motif_6","['motif_5', 'motif_6']"
902,3,0,0,0,0,1,1,"motif_5,motif_6","['motif_5', 'motif_6']"
903,3,0,0,0,0,1,1,"motif_5,motif_6","['motif_5', 'motif_6']"
904,3,0,0,0,0,1,1,"motif_5,motif_6","['motif_5', 'motif_6']"
905,3,0,0,0,0,1,1,"motif_5,motif_6","['motif_5', 'motif_6']"
906,3,0,0,0,0,1,1,"motif_5,motif_6","['motif_5', 'motif_6']"
907,3,0,0,0,0,1,1,"motif_5,motif_6","['motif_5', 'motif_6']"
908,3,0,0,0,0,1,1,"motif_5,motif_6","['motif_5', 'motif_6']"
909,3,0,0,0,0,1,1,"motif_5,motif_6","['motif_5', 'motif_6']"
910,3,0,0,0,0,1,1,"motif_5,motif_6","['motif_5', 'motif_6']"
911,3,0,0,0,0,1,1,"motif_5,motif_6","['motif_5', 'motif_6']"
912,3,0,0,0,0,1,1,"motif_5,motif_6","['motif_5', 'motif_6']"
913,3,0,0,0,0,1,1,"motif_5,motif_6","['motif_5', 'motif_6']"
914,3,0,0,0,0,1,1,"motif_5,motif_6","['motif_5', 'motif_6']"
915,3,0,0,0,0,1,1,"motif_5,motif_6","['motif_5', 'motif_6']"
916,3,0,0,0,0,1,1,"motif_5,motif_6","['motif_5', 'motif_6']"
917,3,0,0,0,0,1,1,"motif_5,motif_6","['motif_5', 'motif_6']"
918,3,0,0,0,0,1,1,"motif_5,motif_6","['motif_5', 'motif_6']"
919,3,0,0,0,0,1,1,"motif_5,motif_6","['motif_5', 'motif_6']"
920,3,0,0,0,0,1,1,"motif_5,motif_6","['motif_5', 'motif_6']"
921,3,0,0,0,0,1,1,"motif_5,motif_6","['motif_5', 'motif_6']"
922,3,0,0,0,0,1,1,"motif_5,motif_6","['motif_5', 'motif_6']"
923,3,0,0,0,0,1,1,"motif_5,motif_6","['motif_5', 'motif_6']"
924,3,0,0,0,0,1,1,"motif_5,motif_6","['motif_5', 'motif_6']"
925,3,0,0,0,0,1,1,"motif_5,motif_6","['motif_5', 'motif_6']"
926,3,0,0,0,0,1,1,"motif_5,motif_6","['motif_5', 'motif_6']"
927,3,0,0,0,0,1,1,"motif_5,motif_6","['motif_5', 'motif_6']"
928,3,0,0,0,0,1,1,"motif_5,motif_6","['motif_5', 'motif_6']"
929,3,0,0,0,0,1,1,"motif_5,motif_6","['motif_5', 'motif_6']"
930,3,0,0,0,0,1,1,"motif_5,motif_6","['motif_5', 'motif_6']"
931,3,0,0,0,0,1,1,"motif_5,motif_6","['motif_5', 'motif_6']"
932,3,0,0,0,0,1,1,"motif_5,motif_6","['motif_5', 'motif_6']"
933,3,0,0,0,0,1,1,"motif_5,motif_6","['motif_5', 'motif_6']"
934,3,0,0,0,0,1,1,"motif_5,motif_6","['motif_5', 'motif_6']"
935,3,0,0,0,0,1,1,"motif_5,motif_6","['motif_5', 'motif_6']"
936,3,0,0,0,0,1,1,"motif_5,motif_6","['motif_5', 'motif_6']"
937,3,0,0,0,0,1,1,"motif_5,motif_6","['motif_5', 'motif_6']"
938,3,0,0,0,0,1,1,"motif_5,motif_6","['motif_5', 'motif_6']"
939,3,0,0,0,0,1,1,"motif_5,motif_6","['motif_5', 'motif_6']"
940,3,0,0,0,0,1,1,"motif_5,motif_6","['motif_5', 'motif_6']"
941,3,0,0,0,0,1,1,"motif_5,motif_6","['motif_5', 'motif_6']"
942,3,0,0,0,0,1,1,"motif_5,motif_6","['motif_5', 'motif_6']"
943,3,0,0,0,0,1,1,"motif_5,motif_6","['motif_5', 'motif_6']"
944,3,0,0,0,0,1,1,"motif_5,motif_6","['motif_5', 'motif_6']"
945,3,0,0,0,0,1,1,"motif_5,motif_6","['motif_5', 'motif_6']"
946,3,0,0,0,0,1,1,"motif_5,motif_6","['motif_5', 'motif_6']"
947,3,0,0,0,0,1,1,"motif_5,motif_6","['motif_5', 'motif_6']"
948,3,0,0,0,0,1,1,"motif_5,motif_6","['motif_5', 'motif_6']"
949,3,0,0,0,0,1,1,"motif_5,motif_6","['motif_5', 'motif_6']"
950,3,0,0,0,0,1,1,"motif_5,motif_6","['motif_5', 'motif_6']"
951,3,0,0,0,0,1,1,"motif_5,motif_6","['motif_5', 'motif_6']"
952,3,0,0,0,0,1,1,"motif_5,motif_6","['motif_5', 'motif_6']"
953,3,0,0,0,0,1,1,"motif_5,motif_6","['motif_5', 'motif_6']"
954,3,0,0,0,0,1,1,"motif_5,motif_6","['motif_5', 'motif_6']"
955,3,0,0,0,0,1,1,"motif_5,motif_6","['motif_5', 'motif_6']"
956,3,0,0,0,0,1,1,"motif_5,motif_6","['motif_5', 'motif_6']"
957,3,0,0,0,0,1,1,"motif_5,motif_6","['motif_5', 'motif_6']"
958,3,0,0,0,0,1,1,"motif_5,motif_6","['motif_5', 'motif_6']"
959,3,0,0,0,0,1,1,"motif_5,motif_6","['motif_5', 'motif_6']"
960,3,0,0,0,0,1,1,"motif_5,motif_6","['motif_5', 'motif_6']"
961,3,0,0,0,0,1,1,"motif_5,motif_6","['motif_5', 'motif_6']"
962,3,0,0,0,0,1,1,"motif_5,motif_6","['motif_5', 'motif_6']"
963,3,0,0,0,0,1,1,"motif_5,motif_6","['motif_5', 'motif_6']"
964,3,0,0,0,0,1,1,"motif_5,motif_6","['motif_5', 'motif_6']"
965,3,0,0,0,0,1,1,"motif_5,motif_6","['motif_5', 'motif_6']"
966,3,0,0,0,0,1,1,"motif_5,motif_6","['motif_5', 'motif_6']"
967,3,0,0,0,0,1,1,"motif_5,motif_6","['motif_5', 'motif_6']"
968,3,0,0,0,0,1,1,"motif_5,motif_6","['motif_5', 'motif_6']"
969,3,0,0,0,0,1,1,"motif_5,motif_6","['motif_5', 'motif_6']"
970,3,0,0,0,0,1,1,"motif_5,motif_6","['motif_5', 'motif_6']"
971,3,0,0,0,0,1,1,"motif_5,motif_6","['motif_5', 'motif_6']"
972,3,0,0,0,0,1,1,"motif_5,motif_6","['motif_5', 'motif_6']"
973,3,0,0,0,0,1,1,"motif_5,motif_6","['motif_5', 'motif_6']"
974,3,0,0,0,0,1,1,"motif_5,motif_6","['motif_5', 'motif_6']"
975,3,0,0,0,0,1,1,"motif_5,motif_6","['motif_5', 'motif_6']"
976,3,0,0,0,0,1,1,"motif_5,motif_6","['motif_5', 'motif_6']"
977,3,0,0,0,0,1,1,"motif_5,motif_6","['motif_5', 'motif_6']"
978,3,0,0,0,0,1,1,"motif_5,motif_6","['motif_5', 'motif_6']"
979,3,0,0,0,0,1,1,"motif_5,motif_6","['motif_5', 'motif_6']"
980,3,0,0,0,0,1,1,"motif_5,motif_6","['motif_5', 'motif_6']"
981,3,0,0,0,0,1,1,"motif_5,motif_6","['motif_5', 'motif_6']"
982,3,0,0,0,0,1,1,"motif_5,motif_6","['motif_5', 'motif_6']"
983,3,0,0,0,0,1,1,"motif_5,motif_6","['motif_5', 'motif_6']"
984,3,0,0,0,0,1,1,"motif_5,motif_6","['motif_5', 'motif_6']"
985,3,0,0,0,0,1,1,"motif_5,motif_6","['motif_5', 'motif_6']"
986,3,0,0,0,0,1,1,"motif_5,motif_6","['motif_5', 'motif_6']"
987,3,0,0,0,0,1,1,"motif_5,motif_6","['motif_5', 'motif_6']"
988,3,0,0,0,0,1,1,"motif_5,motif_6","['motif_5', 'motif_6']"
989,3,0,0,0,0,1,1,"motif_5,motif_6","['motif_5', 'motif_6']"
990,3,0,0,0,0,1,1,"motif_5,motif_6","['motif_5', 'motif_6']"
991,3,0,0,0,0,1,1,"motif_5,motif_6","['motif_5', 'motif_6']"
992,3,0,0,0,0,1,1,"motif_5,motif_6","['motif_5', 'motif_6']"
993,3,0,0,0,0,1,1,"motif_5,motif_6","['motif_5', 'motif_6']"
994,3,0,0,0,0,1,1,"motif_5,motif_6","['motif_5', 'motif_6']"
995,3,0,0,0,0,1,1,"motif_5,motif_6","['motif_5', 'motif_6']"
996,3,0,0,0,0,1,1,"motif_5,motif_6","['motif_5', 'motif_6']"
997,3,0,0,0,0,1,1,"motif_5,motif_6","['motif_5', 'motif_6']"
998,3,0,0,0,0,1,1,"motif_5,motif_6","['motif_5', 'motif_6']"
999,3,0,0,0,0,1,1,"motif_5,motif_6","['motif_5', 'motif_6']"
